<?xml version="1.0" encoding="UTF-8"?>
<project-private xmlns="http://www.netbeans.org/ns/project-private/1">
    <editor-bookmarks xmlns="http://www.netbeans.org/ns/editor-bookmarks/2" lastBookmarkId="0"/>
    <open-files xmlns="http://www.netbeans.org/ns/projectui-open-files/2">
        <group>
            <file>file:/C:/Users/ANH%20TUAN/Downloads/CT%20Swing%20Quan%20Li/src/Books/Bao.java</file>
            <file>file:/C:/Users/ANH%20TUAN/Downloads/CT%20Swing%20Quan%20Li/src/Service/SSach.java</file>
            <file>file:/C:/Users/ANH%20TUAN/Downloads/CT%20Swing%20Quan%20Li/src/Books/TapChi.java</file>
            <file>file:/C:/Users/ANH%20TUAN/Downloads/CT%20Swing%20Quan%20Li/src/View/FullBook.java</file>
            <file>file:/C:/Users/ANH%20TUAN/Downloads/CT%20Swing%20Quan%20Li/src/Service/SBao.java</file>
            <file>file:/C:/Users/ANH%20TUAN/Downloads/CT%20Swing%20Quan%20Li/src/Books/TaiLieu.java</file>
            <file>file:/C:/Users/ANH%20TUAN/Downloads/CT%20Swing%20Quan%20Li/src/Service/STapChi.java</file>
            <file>file:/C:/Users/ANH%20TUAN/Downloads/CT%20Swing%20Quan%20Li/src/Books/Sach.java</file>
            <file>file:/C:/Users/ANH%20TUAN/Downloads/CT%20Swing%20Quan%20Li/src/Service/ManagerConnect.java</file>
        </group>
    </open-files>
</project-private>
